Precision,Constant,IsLeq,MapTech,Leak,Dyn,Total,Cells,Cell_Area,Total_Area,NAND2_Area
10,0,1,0,0.012,2.639,2.65,9,45,46,22
10,1,1,0,0.01,2.474,2.484,8,40,41,20
10,2,1,0,0.009,2.603,2.613,9,45,46,22
10,3,1,0,0.009,2.305,2.314,7,35,36,18
10,4,1,0,0.009,2.698,2.707,9,45,46,22
10,5,1,0,0.008,2.442,2.45,8,40,41,20
10,6,1,0,0.008,2.581,2.589,9,45,46,22
10,7,1,0,0.007,2.072,2.08,6,30,31,15
10,8,1,0,0.009,2.876,2.885,9,45,46,22
10,9,1,0,0.008,2.7,2.708,8,40,41,20
10,10,1,0,0.007,2.741,2.749,9,45,46,22
10,11,1,0,0.007,2.412,2.419,7,35,36,18
10,12,1,0,0.008,2.997,3.005,9,45,46,22
10,13,1,0,0.007,2.744,2.751,8,40,41,20
10,14,1,0,0.009,2.926,2.935,9,45,46,22
10,15,1,0,0.006,2.324,2.33,5,25,26,13
10,16,1,0,0.009,3.054,3.063,9,45,46,22
10,17,1,0,0.008,2.895,2.903,8,40,41,20
10,18,1,0,0.007,3.263,3.27,9,45,46,22
10,19,1,0,0.007,2.957,2.964,7,35,36,18
10,20,1,0,0.007,3.346,3.353,9,45,46,22
10,21,1,0,0.006,3.115,3.121,8,40,41,20
10,22,1,0,0.006,3.238,3.244,9,45,46,22
10,23,1,0,0.005,2.719,2.725,6,30,31,15
10,24,1,0,0.008,3.262,3.27,9,45,46,22
10,25,1,0,0.007,3.097,3.104,8,40,41,20
10,26,1,0,0.006,3.195,3.2,9,45,46,22
10,27,1,0,0.005,2.861,2.867,7,35,36,18
10,28,1,0,0.009,3.526,3.534,9,45,46,22
10,29,1,0,0.007,3.205,3.212,8,40,41,20
10,30,1,0,0.007,3.328,3.335,9,45,46,22
10,31,1,0,0.005,2.557,2.561,4,20,21,10
10,32,1,0,0.009,3.467,3.476,9,45,46,22
10,33,1,0,0.008,3.338,3.346,8,40,41,20
10,34,1,0,0.007,3.516,3.523,9,45,46,22
10,35,1,0,0.007,3.169,3.175,7,35,36,18
10,36,1,0,0.007,3.829,3.836,9,45,46,22
10,37,1,0,0.006,3.522,3.528,8,40,41,20
10,38,1,0,0.006,3.661,3.667,9,45,46,22
10,39,1,0,0.005,3.196,3.201,6,30,31,15
10,40,1,0,0.007,3.76,3.767,9,45,46,22
10,41,1,0,0.006,3.776,3.782,8,40,41,20
10,42,1,0,0.005,3.809,3.814,9,45,46,22
10,43,1,0,0.004,3.492,3.496,7,35,36,18
10,44,1,0,0.006,3.87,3.876,9,45,46,22
10,45,1,0,0.004,3.618,3.623,8,40,41,20
10,46,1,0,0.006,3.8,3.806,9,45,46,22
10,47,1,0,0.004,3.206,3.21,5,25,26,13
10,48,1,0,0.008,3.923,3.931,9,45,46,22
10,49,1,0,0.007,3.757,3.763,8,40,41,20
10,50,1,0,0.006,3.913,3.919,9,45,46,22
10,51,1,0,0.005,3.606,3.612,7,35,36,18
10,52,1,0,0.006,3.988,3.994,9,45,46,22
10,53,1,0,0.004,3.744,3.749,8,40,41,20
10,54,1,0,0.004,3.849,3.853,9,45,46,22
10,55,1,0,0.004,3.351,3.354,6,30,31,15
10,56,1,0,0.009,4.161,4.169,9,45,46,22
10,57,1,0,0.007,3.985,3.992,8,40,41,20
10,58,1,0,0.006,4.054,4.06,9,45,46,22
10,59,1,0,0.006,3.709,3.715,7,35,36,18
10,60,1,0,0.007,3.989,3.997,9,45,46,22
10,61,1,0,0.006,3.729,3.735,8,40,41,20
10,62,1,0,0.008,3.925,3.933,9,45,46,22
10,63,1,0,0.003,3.006,3.009,3,15,16,8
10,64,1,0,0.009,4.475,4.484,9,45,46,22
10,65,1,0,0.008,4.31,4.318,8,40,41,20
10,66,1,0,0.007,4.443,4.45,9,45,46,22
10,67,1,0,0.007,4.373,4.38,7,35,36,18
10,68,1,0,0.007,4.778,4.785,9,45,46,22
10,69,1,0,0.006,4.541,4.546,8,40,41,20
10,70,1,0,0.006,4.668,4.673,9,45,46,22
10,71,1,0,0.005,4.184,4.189,6,30,31,15
10,72,1,0,0.007,4.727,4.734,9,45,46,22
10,73,1,0,0.006,4.557,4.563,8,40,41,20
10,74,1,0,0.005,4.606,4.611,9,45,46,22
10,75,1,0,0.004,4.284,4.288,7,35,36,18
10,76,1,0,0.006,4.652,4.657,9,45,46,22
10,77,1,0,0.004,4.392,4.396,8,40,41,20
10,78,1,0,0.006,4.592,4.598,9,45,46,22
10,79,1,0,0.004,4.014,4.018,5,25,26,13
10,80,1,0,0.007,4.724,4.731,9,45,46,22
10,81,1,0,0.006,4.576,4.582,8,40,41,20
10,82,1,0,0.005,4.722,4.727,9,45,46,22
10,83,1,0,0.004,4.409,4.413,7,35,36,18
10,84,1,0,0.005,4.81,4.814,9,45,46,22
10,85,1,0,0.004,4.566,4.57,8,40,41,20
10,86,1,0,0.004,4.682,4.685,9,45,46,22
10,87,1,0,0.003,4.141,4.144,6,30,31,15
10,88,1,0,0.006,4.669,4.675,9,45,46,22
10,89,1,0,0.004,4.515,4.519,8,40,41,20
10,90,1,0,0.004,4.607,4.61,9,45,46,22
10,91,1,0,0.003,4.257,4.26,7,35,36,18
10,92,1,0,0.006,4.734,4.74,9,45,46,22
10,93,1,0,0.005,4.398,4.403,8,40,41,20
10,94,1,0,0.007,4.861,4.868,11,55,57,27
10,95,1,0,0.002,3.801,3.804,4,20,21,10
10,96,1,0,0.008,4.649,4.657,9,45,46,22
10,97,1,0,0.007,4.501,4.507,8,40,41,20
10,98,1,0,0.006,4.88,4.885,9,45,46,22
10,99,1,0,0.005,4.329,4.334,7,35,36,18
10,100,1,0,0.006,4.531,4.537,9,45,46,22
10,101,1,0,0.004,4.262,4.267,8,40,41,20
10,102,1,0,0.004,4.401,4.406,9,45,46,22
10,103,1,0,0.004,3.931,3.935,6,30,31,15
10,104,1,0,0.006,4.695,4.701,9,45,46,22
10,105,1,0,0.004,4.509,4.513,8,40,41,20
10,106,1,0,0.004,4.341,4.344,9,45,46,22
10,107,1,0,0.003,4.024,4.027,7,35,36,18
10,108,1,0,0.004,4.585,4.59,9,45,46,22
10,109,1,0,0.003,4.333,4.336,8,40,41,20
10,110,1,0,0.005,4.311,4.316,9,45,46,22
10,111,1,0,0.002,3.719,3.722,5,25,26,13
10,112,1,0,0.009,4.477,4.485,9,45,46,22
10,113,1,0,0.007,4.333,4.34,8,40,41,20
10,114,1,0,0.006,4.486,4.492,9,45,46,22
10,115,1,0,0.006,4.18,4.186,7,35,36,18
10,116,1,0,0.006,4.577,4.583,9,45,46,22
10,117,1,0,0.005,4.334,4.339,8,40,41,20
10,118,1,0,0.005,4.645,4.65,9,45,46,22
10,119,1,0,0.004,4.114,4.118,6,30,31,15
10,120,1,0,0.007,4.643,4.65,9,45,46,22
10,121,1,0,0.006,4.65,4.656,8,40,41,20
10,122,1,0,0.005,4.746,4.751,9,45,46,22
10,123,1,0,0.004,4.422,4.427,7,35,36,18
10,124,1,0,0.008,4.829,4.837,9,45,46,22
10,125,1,0,0.006,4.554,4.56,8,40,41,20
10,126,1,0,0.006,4.629,4.635,9,45,46,22
10,127,1,0,0.002,3.664,3.666,2,10,11,5
10,128,1,0,0.009,4.774,4.784,9,45,46,22
10,129,1,0,0.008,4.822,4.83,8,40,41,20
10,130,1,0,0.007,4.976,4.983,9,45,46,22
10,131,1,0,0.007,4.689,4.696,7,35,36,18
10,132,1,0,0.007,5.111,5.118,9,45,46,22
10,133,1,0,0.006,4.848,4.854,8,40,41,20
10,134,1,0,0.006,4.988,4.994,9,45,46,22
10,135,1,0,0.005,4.503,4.508,6,30,31,15
10,136,1,0,0.007,5.052,5.059,9,45,46,22
10,137,1,0,0.006,4.876,4.882,8,40,41,20
10,138,1,0,0.005,4.937,4.942,9,45,46,22
10,139,1,0,0.004,4.627,4.632,7,35,36,18
10,140,1,0,0.006,4.982,4.988,9,45,46,22
10,141,1,0,0.004,4.722,4.727,8,40,41,20
10,142,1,0,0.006,4.904,4.911,9,45,46,22
10,143,1,0,0.004,4.339,4.343,5,25,26,13
10,144,1,0,0.007,5.077,5.084,9,45,46,22
10,145,1,0,0.006,4.924,4.93,8,40,41,20
10,146,1,0,0.005,5.076,5.081,9,45,46,22
10,147,1,0,0.004,4.75,4.755,7,35,36,18
10,148,1,0,0.005,5.139,5.144,9,45,46,22
10,149,1,0,0.004,5.13,5.134,8,40,41,20
10,150,1,0,0.004,5.234,5.237,9,45,46,22
10,151,1,0,0.003,4.727,4.73,6,30,31,15
10,152,1,0,0.006,5.257,5.263,9,45,46,22
10,153,1,0,0.004,5.085,5.09,8,40,41,20
10,154,1,0,0.004,5.17,5.173,9,45,46,22
10,155,1,0,0.003,4.836,4.839,7,35,36,18
10,156,1,0,0.006,5.308,5.314,9,45,46,22
10,157,1,0,0.005,4.994,4.999,8,40,41,20
10,158,1,0,0.008,5.497,5.505,11,55,57,27
10,159,1,0,0.002,4.408,4.411,4,20,21,10
10,160,1,0,0.007,5.265,5.272,9,45,46,22
10,161,1,0,0.006,5.141,5.147,8,40,41,20
10,162,1,0,0.005,5.312,5.317,9,45,46,22
10,163,1,0,0.004,4.971,4.975,7,35,36,18
10,164,1,0,0.005,5.417,5.422,9,45,46,22
10,165,1,0,0.004,5.114,5.117,8,40,41,20
10,166,1,0,0.004,5.253,5.256,9,45,46,22
10,167,1,0,0.003,4.794,4.797,6,30,31,15
10,168,1,0,0.005,5.344,5.349,9,45,46,22
10,169,1,0,0.004,4.942,4.946,8,40,41,20
10,170,1,0,0.003,4.988,4.991,9,45,46,22
10,171,1,0,0.002,4.671,4.673,7,35,36,18
10,172,1,0,0.004,5.047,5.05,9,45,46,22
10,173,1,0,0.002,4.789,4.791,8,40,41,20
10,174,1,0,0.004,4.976,4.98,9,45,46,22
10,175,1,0,0.002,4.383,4.384,5,25,26,13
10,176,1,0,0.006,5.112,5.118,9,45,46,22
10,177,1,0,0.004,5.16,5.165,8,40,41,20
10,178,1,0,0.004,5.31,5.313,9,45,46,22
10,179,1,0,0.003,4.996,4.999,7,35,36,18
10,180,1,0,0.004,5.367,5.37,9,45,46,22
10,181,1,0,0.002,5.134,5.136,8,40,41,20
10,182,1,0,0.002,5.239,5.242,9,45,46,22
10,183,1,0,0.002,4.719,4.72,6,30,31,15
10,184,1,0,0.006,5.337,5.344,9,45,46,22
10,185,1,0,0.005,5.154,5.159,8,40,41,20
10,186,1,0,0.004,5.223,5.227,9,45,46,22
10,187,1,0,0.004,4.874,4.877,7,35,36,18
10,188,1,0,0.005,5.152,5.157,9,45,46,22
10,189,1,0,0.004,4.875,4.879,8,40,41,20
10,190,1,0,0.005,5.072,5.077,9,45,46,22
10,191,1,0,0.001,4.212,4.213,3,15,16,8
10,192,1,0,0.008,5.276,5.284,9,45,46,22
10,193,1,0,0.007,5.105,5.112,8,40,41,20
10,194,1,0,0.006,5.231,5.237,9,45,46,22
10,195,1,0,0.005,4.749,4.754,7,35,36,18
10,196,1,0,0.006,5.135,5.141,9,45,46,22
10,197,1,0,0.004,5.101,5.105,8,40,41,20
10,198,1,0,0.004,5.233,5.238,9,45,46,22
10,199,1,0,0.004,4.75,4.754,6,30,31,15
10,200,1,0,0.006,5.292,5.298,9,45,46,22
10,201,1,0,0.004,5.123,5.128,8,40,41,20
10,202,1,0,0.004,5.178,5.182,9,45,46,22
10,203,1,0,0.003,4.85,4.853,7,35,36,18
10,204,1,0,0.004,5.217,5.222,9,45,46,22
10,205,1,0,0.003,4.958,4.961,8,40,41,20
10,206,1,0,0.005,5.146,5.151,9,45,46,22
10,207,1,0,0.002,4.772,4.775,5,25,26,13
10,208,1,0,0.006,5.482,5.488,9,45,46,22
10,209,1,0,0.004,5.333,5.338,8,40,41,20
10,210,1,0,0.004,5.479,5.482,9,45,46,22
10,211,1,0,0.003,5.166,5.169,7,35,36,18
10,212,1,0,0.004,5.561,5.564,9,45,46,22
10,213,1,0,0.002,5.317,5.319,8,40,41,20
10,214,1,0,0.002,5.427,5.429,9,45,46,22
10,215,1,0,0.002,4.684,4.685,6,30,31,15
10,216,1,0,0.004,5.212,5.216,9,45,46,22
10,217,1,0,0.003,5.261,5.264,8,40,41,20
10,218,1,0,0.002,5.353,5.355,9,45,46,22
10,219,1,0,0.002,5.009,5.011,7,35,36,18
10,220,1,0,0.005,5.479,5.484,9,45,46,22
10,221,1,0,0.004,5.151,5.154,8,40,41,20
10,222,1,0,0.004,5.269,5.272,9,45,46,22
10,223,1,0,0.001,4.56,4.561,4,20,21,10
10,224,1,0,0.009,5.478,5.487,9,45,46,22
10,225,1,0,0.007,5.338,5.345,8,40,41,20
10,226,1,0,0.006,5.503,5.51,9,45,46,22
10,227,1,0,0.006,5.161,5.167,7,35,36,18
10,228,1,0,0.006,5.586,5.592,9,45,46,22
10,229,1,0,0.005,5.303,5.308,8,40,41,20
10,230,1,0,0.005,5.442,5.447,9,45,46,22
10,231,1,0,0.004,4.979,4.983,6,30,31,15
10,232,1,0,0.006,5.747,5.753,9,45,46,22
10,233,1,0,0.005,5.552,5.557,8,40,41,20
10,234,1,0,0.004,5.38,5.384,9,45,46,22
10,235,1,0,0.004,5.063,5.067,7,35,36,18
10,236,1,0,0.005,5.423,5.428,9,45,46,22
10,237,1,0,0.004,5.373,5.377,8,40,41,20
10,238,1,0,0.005,5.561,5.566,9,45,46,22
10,239,1,0,0.003,4.953,4.956,5,25,26,13
10,240,1,0,0.007,5.669,5.676,9,45,46,22
10,241,1,0,0.006,5.509,5.515,8,40,41,20
10,242,1,0,0.005,5.641,5.646,9,45,46,22
10,243,1,0,0.004,5.334,5.339,7,35,36,18
10,244,1,0,0.005,5.716,5.721,9,45,46,22
10,245,1,0,0.004,5.467,5.47,8,40,41,20
10,246,1,0,0.004,5.589,5.592,9,45,46,22
10,247,1,0,0.003,5.081,5.084,6,30,31,15
10,248,1,0,0.008,5.864,5.871,9,45,46,22
10,249,1,0,0.006,5.459,5.465,8,40,41,20
10,250,1,0,0.005,5.528,5.534,9,45,46,22
10,251,1,0,0.005,5.191,5.196,7,35,36,18
10,252,1,0,0.006,5.547,5.553,9,45,46,22
10,253,1,0,0.005,5.078,5.083,8,40,41,20
10,254,1,0,0.007,5.221,5.227,9,45,46,22
10,255,1,0,0.001,4.058,4.059,1,5,6,3
10,256,1,0,0.01,5.407,5.417,9,45,46,22
10,257,1,0,0.009,5.226,5.234,8,40,41,20
10,258,1,0,0.008,5.335,5.343,9,45,46,22
10,259,1,0,0.007,5.093,5.101,7,35,36,18
10,260,1,0,0.008,5.47,5.478,9,45,46,22
10,261,1,0,0.007,5.221,5.228,8,40,41,20
10,262,1,0,0.007,5.355,5.361,9,45,46,22
10,263,1,0,0.006,4.883,4.889,6,30,31,15
10,264,1,0,0.008,5.672,5.68,9,45,46,22
10,265,1,0,0.007,5.516,5.523,8,40,41,20
10,266,1,0,0.006,5.556,5.562,9,45,46,22
10,267,1,0,0.005,5.241,5.247,7,35,36,18
10,268,1,0,0.007,5.603,5.61,9,45,46,22
10,269,1,0,0.005,5.349,5.354,8,40,41,20
10,270,1,0,0.007,5.539,5.546,9,45,46,22
10,271,1,0,0.005,4.945,4.95,5,25,26,13
10,272,1,0,0.008,6.115,6.123,9,45,46,22
10,273,1,0,0.007,5.956,5.963,8,40,41,20
10,274,1,0,0.006,6.102,6.108,9,45,46,22
10,275,1,0,0.005,5.776,5.781,7,35,36,18
10,276,1,0,0.006,6.178,6.184,9,45,46,22
10,277,1,0,0.004,5.934,5.939,8,40,41,20
10,278,1,0,0.004,6.031,6.036,9,45,46,22
10,279,1,0,0.004,5.513,5.517,6,30,31,15
10,280,1,0,0.007,6.245,6.251,9,45,46,22
10,281,1,0,0.005,6.08,6.085,8,40,41,20
10,282,1,0,0.004,6.158,6.162,9,45,46,22
10,283,1,0,0.004,5.825,5.829,7,35,36,18
10,284,1,0,0.007,6.07,6.077,9,45,46,22
10,285,1,0,0.006,5.775,5.781,8,40,41,20
10,286,1,0,0.006,5.892,5.898,9,45,46,22
10,287,1,0,0.003,5.162,5.165,4,20,21,10
10,288,1,0,0.008,5.993,6.0,9,45,46,22
10,289,1,0,0.007,5.851,5.858,8,40,41,20
10,290,1,0,0.006,6.048,6.054,9,45,46,22
10,291,1,0,0.005,5.701,5.706,7,35,36,18
10,292,1,0,0.006,6.112,6.118,9,45,46,22
10,293,1,0,0.004,5.832,5.836,8,40,41,20
10,294,1,0,0.004,5.971,5.975,9,45,46,22
10,295,1,0,0.004,5.519,5.523,6,30,31,15
10,296,1,0,0.006,6.076,6.082,9,45,46,22
10,297,1,0,0.004,5.902,5.906,8,40,41,20
10,298,1,0,0.004,5.935,5.939,9,45,46,22
10,299,1,0,0.003,5.619,5.622,7,35,36,18
10,300,1,0,0.004,5.977,5.982,9,45,46,22
10,301,1,0,0.003,5.713,5.716,8,40,41,20
10,302,1,0,0.005,5.9,5.905,9,45,46,22
10,303,1,0,0.002,5.307,5.309,5,25,26,13
10,304,1,0,0.007,6.044,6.05,9,45,46,22
10,305,1,0,0.005,5.877,5.882,8,40,41,20
10,306,1,0,0.004,6.242,6.247,9,45,46,22
10,307,1,0,0.004,5.929,5.933,7,35,36,18
10,308,1,0,0.004,6.533,6.537,9,45,46,22
10,309,1,0,0.003,6.289,6.292,8,40,41,20
10,310,1,0,0.003,6.171,6.174,9,45,46,22
10,311,1,0,0.002,5.667,5.67,6,30,31,15
10,312,1,0,0.007,5.817,5.824,9,45,46,22
10,313,1,0,0.006,5.654,5.659,8,40,41,20
10,314,1,0,0.005,5.723,5.728,9,45,46,22
10,315,1,0,0.004,5.384,5.389,7,35,36,18
10,316,1,0,0.006,5.697,5.703,9,45,46,22
10,317,1,0,0.004,5.45,5.454,8,40,41,20
10,318,1,0,0.006,5.646,5.653,9,45,46,22
10,319,1,0,0.002,4.78,4.782,3,15,16,8
10,320,1,0,0.008,5.589,5.597,9,45,46,22
10,321,1,0,0.007,5.43,5.437,8,40,41,20
10,322,1,0,0.006,5.575,5.58,9,45,46,22
10,323,1,0,0.005,5.301,5.307,7,35,36,18
10,324,1,0,0.006,5.729,5.735,9,45,46,22
10,325,1,0,0.004,5.486,5.49,8,40,41,20
10,326,1,0,0.004,5.601,5.606,9,45,46,22
10,327,1,0,0.004,5.118,5.122,6,30,31,15
10,328,1,0,0.006,5.66,5.666,9,45,46,22
10,329,1,0,0.004,5.491,5.495,8,40,41,20
10,330,1,0,0.004,5.528,5.532,9,45,46,22
10,331,1,0,0.003,5.212,5.215,7,35,36,18
10,332,1,0,0.004,5.579,5.584,9,45,46,22
10,333,1,0,0.003,5.32,5.323,8,40,41,20
10,334,1,0,0.005,5.729,5.734,9,45,46,22
10,335,1,0,0.002,5.145,5.147,5,25,26,13
10,336,1,0,0.006,5.855,5.861,9,45,46,22
10,337,1,0,0.004,5.707,5.712,8,40,41,20
10,338,1,0,0.004,5.853,5.856,9,45,46,22
10,339,1,0,0.003,5.54,5.543,7,35,36,18
10,340,1,0,0.004,5.952,5.955,9,45,46,22
10,341,1,0,0.002,5.702,5.705,8,40,41,20
10,342,1,0,0.002,6.015,6.018,9,45,46,22
10,343,1,0,0.002,5.48,5.482,6,30,31,15
10,344,1,0,0.004,6.009,6.013,9,45,46,22
10,345,1,0,0.003,5.849,5.852,8,40,41,20
10,346,1,0,0.002,5.94,5.942,9,45,46,22
10,347,1,0,0.002,5.585,5.587,7,35,36,18
10,348,1,0,0.009,6.388,6.397,11,55,57,27
10,349,1,0,0.004,5.732,5.735,8,40,41,20
10,350,1,0,0.004,5.832,5.836,9,45,46,22
10,351,1,0,0.001,5.123,5.125,4,20,21,10
10,352,1,0,0.007,5.971,5.978,9,45,46,22
10,353,1,0,0.005,5.823,5.828,8,40,41,20
10,354,1,0,0.004,6.004,6.009,9,45,46,22
10,355,1,0,0.004,5.657,5.661,7,35,36,18
10,356,1,0,0.004,6.063,6.067,9,45,46,22
10,357,1,0,0.003,5.794,5.797,8,40,41,20
10,358,1,0,0.003,5.933,5.936,9,45,46,22
10,359,1,0,0.002,5.457,5.46,6,30,31,15
10,360,1,0,0.004,6.012,6.016,9,45,46,22
10,361,1,0,0.003,5.825,5.828,8,40,41,20
10,362,1,0,0.002,5.867,5.869,9,45,46,22
10,363,1,0,0.002,5.55,5.551,7,35,36,18
10,364,1,0,0.003,5.902,5.905,9,45,46,22
10,365,1,0,0.002,5.638,5.64,8,40,41,20
10,366,1,0,0.004,5.826,5.829,9,45,46,22
10,367,1,0,0.001,5.234,5.235,5,25,26,13
10,368,1,0,0.007,6.017,6.024,9,45,46,22
10,369,1,0,0.006,5.86,5.866,8,40,41,20
10,370,1,0,0.005,6.006,6.011,9,45,46,22
10,371,1,0,0.004,5.701,5.705,7,35,36,18
10,372,1,0,0.005,6.091,6.096,9,45,46,22
10,373,1,0,0.004,5.848,5.852,8,40,41,20
10,374,1,0,0.004,5.944,5.948,9,45,46,22
10,375,1,0,0.003,5.611,5.614,6,30,31,15
10,376,1,0,0.006,6.14,6.145,9,45,46,22
10,377,1,0,0.004,5.955,5.959,8,40,41,20
10,378,1,0,0.004,6.051,6.055,9,45,46,22
10,379,1,0,0.003,5.733,5.736,7,35,36,18
10,380,1,0,0.006,6.146,6.152,9,45,46,22
10,381,1,0,0.005,5.882,5.887,8,40,41,20
10,382,1,0,0.005,5.982,5.987,9,45,46,22
10,383,1,0,0.001,4.998,4.999,2,10,11,5
10,384,1,0,0.009,6.15,6.159,9,45,46,22
10,385,1,0,0.007,5.982,5.99,8,40,41,20
10,386,1,0,0.007,6.136,6.142,9,45,46,22
10,387,1,0,0.006,5.848,5.854,7,35,36,18
10,388,1,0,0.007,6.269,6.276,9,45,46,22
10,389,1,0,0.005,6.007,6.012,8,40,41,20
10,390,1,0,0.005,6.146,6.152,9,45,46,22
10,391,1,0,0.005,5.668,5.672,6,30,31,15
10,392,1,0,0.007,6.216,6.223,9,45,46,22
10,393,1,0,0.005,6.041,6.046,8,40,41,20
10,394,1,0,0.004,6.102,6.106,9,45,46,22
10,395,1,0,0.004,5.791,5.795,7,35,36,18
10,396,1,0,0.005,6.146,6.151,9,45,46,22
10,397,1,0,0.004,5.886,5.89,8,40,41,20
10,398,1,0,0.006,6.068,6.074,9,45,46,22
10,399,1,0,0.003,5.503,5.506,5,25,26,13
10,400,1,0,0.007,6.24,6.247,9,45,46,22
10,401,1,0,0.005,6.087,6.092,8,40,41,20
10,402,1,0,0.004,6.239,6.243,9,45,46,22
10,403,1,0,0.004,5.914,5.917,7,35,36,18
10,404,1,0,0.004,6.303,6.307,9,45,46,22
10,405,1,0,0.003,6.078,6.081,8,40,41,20
10,406,1,0,0.003,6.182,6.185,9,45,46,22
10,407,1,0,0.002,5.669,5.672,6,30,31,15
10,408,1,0,0.005,6.199,6.204,9,45,46,22
10,409,1,0,0.004,6.027,6.031,8,40,41,20
10,410,1,0,0.003,6.112,6.115,9,45,46,22
10,411,1,0,0.002,5.778,5.781,7,35,36,18
10,412,1,0,0.006,6.644,6.65,9,45,46,22
10,413,1,0,0.004,6.33,6.334,8,40,41,20
10,414,1,0,0.004,6.453,6.457,9,45,46,22
10,415,1,0,0.002,5.744,5.746,4,20,21,10
10,416,1,0,0.007,6.994,7.001,9,45,46,22
10,417,1,0,0.005,7.067,7.072,8,40,41,20
10,418,1,0,0.004,7.238,7.243,9,45,46,22
10,419,1,0,0.004,6.897,6.901,7,35,36,18
10,420,1,0,0.004,7.54,7.544,9,45,46,22
10,421,1,0,0.003,7.04,7.043,8,40,41,20
10,422,1,0,0.003,7.179,7.182,9,45,46,22
10,423,1,0,0.002,6.72,6.722,6,30,31,15
10,424,1,0,0.004,7.27,7.275,9,45,46,22
10,425,1,0,0.003,7.083,7.086,8,40,41,20
10,426,1,0,0.002,7.129,7.131,9,45,46,22
10,427,1,0,0.002,6.812,6.814,7,35,36,18
10,428,1,0,0.003,7.385,7.388,9,45,46,22
10,429,1,0,0.002,7.126,7.128,8,40,41,20
10,430,1,0,0.004,7.314,7.318,9,45,46,22
10,431,1,0,0.001,6.721,6.722,5,25,26,13
10,432,1,0,0.005,7.45,7.455,9,45,46,22
10,433,1,0,0.004,7.08,7.084,8,40,41,20
10,434,1,0,0.003,7.229,7.232,9,45,46,22
10,435,1,0,0.002,6.915,6.918,7,35,36,18
10,436,1,0,0.003,7.089,7.092,9,45,46,22
10,437,1,0,0.002,6.85,6.852,8,40,41,20
10,438,1,0,0.002,6.956,6.958,9,45,46,22
10,439,1,0,0.001,6.442,6.443,6,30,31,15
10,440,1,0,0.006,7.455,7.461,9,45,46,22
10,441,1,0,0.004,7.272,7.276,8,40,41,20
10,442,1,0,0.004,7.341,7.345,9,45,46,22
10,443,1,0,0.003,6.997,7.0,7,35,36,18
10,444,1,0,0.004,6.882,6.887,9,45,46,22
10,445,1,0,0.003,6.612,6.615,8,40,41,20
10,446,1,0,0.005,6.808,6.813,9,45,46,22
10,447,1,0,0.001,5.949,5.95,3,15,16,8
10,448,1,0,0.009,7.081,7.09,9,45,46,22
10,449,1,0,0.008,6.898,6.906,8,40,41,20
10,450,1,0,0.007,7.032,7.039,9,45,46,22
10,451,1,0,0.007,6.757,6.764,7,35,36,18
10,452,1,0,0.007,7.165,7.172,9,45,46,22
10,453,1,0,0.006,6.923,6.928,8,40,41,20
10,454,1,0,0.006,7.049,7.054,9,45,46,22
10,455,1,0,0.005,6.565,6.57,6,30,31,15
10,456,1,0,0.007,7.108,7.115,9,45,46,22
10,457,1,0,0.006,6.938,6.944,8,40,41,20
10,458,1,0,0.005,6.986,6.991,9,45,46,22
10,459,1,0,0.004,6.658,6.662,7,35,36,18
10,460,1,0,0.006,7.025,7.031,9,45,46,22
10,461,1,0,0.004,6.765,6.77,8,40,41,20
10,462,1,0,0.006,6.961,6.967,9,45,46,22
10,463,1,0,0.004,6.363,6.367,5,25,26,13
10,464,1,0,0.007,7.073,7.08,9,45,46,22
10,465,1,0,0.006,6.926,6.932,8,40,41,20
10,466,1,0,0.005,7.072,7.077,9,45,46,22
10,467,1,0,0.004,6.759,6.763,7,35,36,18
10,468,1,0,0.005,7.161,7.165,9,45,46,22
10,469,1,0,0.004,7.107,7.11,8,40,41,20
10,470,1,0,0.004,7.217,7.22,9,45,46,22
10,471,1,0,0.003,6.68,6.683,6,30,31,15
10,472,1,0,0.006,7.208,7.214,9,45,46,22
10,473,1,0,0.004,7.049,7.054,8,40,41,20
10,474,1,0,0.004,7.141,7.144,9,45,46,22
10,475,1,0,0.003,6.789,6.792,7,35,36,18
10,476,1,0,0.006,7.464,7.47,9,45,46,22
10,477,1,0,0.005,6.725,6.73,8,40,41,20
10,478,1,0,0.005,6.836,6.841,9,45,46,22
10,479,1,0,0.002,6.128,6.13,4,20,21,10
10,480,1,0,0.008,7.002,7.009,9,45,46,22
10,481,1,0,0.007,6.868,6.874,8,40,41,20
10,482,1,0,0.006,6.988,6.994,9,45,46,22
10,483,1,0,0.005,6.684,6.689,7,35,36,18
10,484,1,0,0.006,7.075,7.081,9,45,46,22
10,485,1,0,0.004,6.8,6.805,8,40,41,20
10,486,1,0,0.004,6.939,6.944,9,45,46,22
10,487,1,0,0.004,6.487,6.491,6,30,31,15
10,488,1,0,0.006,7.007,7.013,9,45,46,22
10,489,1,0,0.004,6.813,6.818,8,40,41,20
10,490,1,0,0.004,6.871,6.875,9,45,46,22
10,491,1,0,0.003,6.554,6.557,7,35,36,18
10,492,1,0,0.004,6.913,6.917,9,45,46,22
10,493,1,0,0.003,6.66,6.663,8,40,41,20
10,494,1,0,0.005,6.848,6.853,9,45,46,22
10,495,1,0,0.002,6.254,6.256,5,25,26,13
10,496,1,0,0.008,6.805,6.813,9,45,46,22
10,497,1,0,0.007,6.647,6.654,8,40,41,20
10,498,1,0,0.006,6.794,6.8,9,45,46,22
10,499,1,0,0.006,6.691,6.697,7,35,36,18
10,500,1,0,0.006,7.081,7.088,9,45,46,22
10,501,1,0,0.005,6.839,6.844,8,40,41,20
10,502,1,0,0.005,6.947,6.952,9,45,46,22
10,503,1,0,0.004,6.219,6.223,6,30,31,15
10,504,1,0,0.007,6.533,6.541,9,45,46,22
10,505,1,0,0.006,6.166,6.172,8,40,41,20
10,506,1,0,0.005,6.216,6.221,9,45,46,22
10,507,1,0,0.004,5.702,5.706,7,35,36,18
10,508,1,0,0.008,5.944,5.952,9,45,46,22
10,509,1,0,0.006,5.637,5.643,8,40,41,20
10,510,1,0,0.006,5.77,5.776,9,45,46,22
10,511,1,0,0.001,4.193,4.194,1,3,4,2
10,512,1,0,0.012,5.839,5.851,9,45,46,22
10,513,1,0,0.01,5.665,5.675,8,40,41,20
10,514,1,0,0.009,6.053,6.063,9,45,46,22
10,515,1,0,0.009,6.346,6.355,7,35,36,18
10,516,1,0,0.009,6.75,6.759,9,45,46,22
10,517,1,0,0.008,6.509,6.517,8,40,41,20
10,518,1,0,0.008,6.852,6.86,9,45,46,22
10,519,1,0,0.007,6.158,6.165,6,30,31,15
10,520,1,0,0.009,6.691,6.7,9,45,46,22
10,521,1,0,0.008,6.529,6.537,8,40,41,20
10,522,1,0,0.007,6.604,6.611,9,45,46,22
10,523,1,0,0.007,6.269,6.275,7,35,36,18
10,524,1,0,0.008,6.644,6.652,9,45,46,22
10,525,1,0,0.007,6.378,6.385,8,40,41,20
10,526,1,0,0.008,6.56,6.569,9,45,46,22
10,527,1,0,0.006,6.049,6.055,5,25,26,13
10,528,1,0,0.009,6.702,6.711,9,45,46,22
10,529,1,0,0.008,6.569,6.577,8,40,41,20
10,530,1,0,0.007,6.735,6.742,9,45,46,22
10,531,1,0,0.007,6.212,6.219,7,35,36,18
10,532,1,0,0.007,6.601,6.608,9,45,46,22
10,533,1,0,0.006,6.378,6.383,8,40,41,20
10,534,1,0,0.006,6.481,6.487,9,45,46,22
10,535,1,0,0.005,5.928,5.933,6,30,31,15
10,536,1,0,0.008,6.457,6.465,9,45,46,22
10,537,1,0,0.007,6.3,6.306,8,40,41,20
10,538,1,0,0.006,6.397,6.403,9,45,46,22
10,539,1,0,0.005,6.036,6.041,7,35,36,18
10,540,1,0,0.008,6.511,6.519,9,45,46,22
10,541,1,0,0.007,6.197,6.204,8,40,41,20
10,542,1,0,0.007,6.32,6.327,9,45,46,22
10,543,1,0,0.005,5.634,5.639,4,20,21,10
10,544,1,0,0.009,6.426,6.435,9,45,46,22
10,545,1,0,0.008,6.284,6.292,8,40,41,20
10,546,1,0,0.007,6.679,6.686,9,45,46,22
10,547,1,0,0.007,6.331,6.338,7,35,36,18
10,548,1,0,0.007,6.767,6.775,9,45,46,22
10,549,1,0,0.006,6.481,6.486,8,40,41,20
10,550,1,0,0.006,6.62,6.625,9,45,46,22
10,551,1,0,0.005,6.378,6.383,6,30,31,15
10,552,1,0,0.007,6.941,6.948,9,45,46,22
10,553,1,0,0.006,6.761,6.767,8,40,41,20
10,554,1,0,0.005,7.01,7.015,9,45,46,22
10,555,1,0,0.004,6.693,6.698,7,35,36,18
10,556,1,0,0.006,7.052,7.058,9,45,46,22
10,557,1,0,0.004,6.787,6.792,8,40,41,20
10,558,1,0,0.006,6.975,6.981,9,45,46,22
10,559,1,0,0.004,6.369,6.373,5,25,26,13
10,560,1,0,0.008,7.309,7.317,9,45,46,22
10,561,1,0,0.007,7.155,7.161,8,40,41,20
10,562,1,0,0.006,7.299,7.304,9,45,46,22
10,563,1,0,0.005,6.985,6.99,7,35,36,18
10,564,1,0,0.006,7.367,7.373,9,45,46,22
10,565,1,0,0.004,7.13,7.134,8,40,41,20
10,566,1,0,0.004,7.234,7.238,9,45,46,22
10,567,1,0,0.004,6.723,6.727,6,30,31,15
10,568,1,0,0.008,7.12,7.128,9,45,46,22
10,569,1,0,0.007,6.95,6.957,8,40,41,20
10,570,1,0,0.006,7.019,7.026,9,45,46,22
10,571,1,0,0.006,6.675,6.68,7,35,36,18
10,572,1,0,0.007,6.988,6.995,9,45,46,22
10,573,1,0,0.006,6.721,6.727,8,40,41,20
10,574,1,0,0.008,6.917,6.925,9,45,46,22
10,575,1,0,0.003,6.088,6.092,3,15,16,8
10,576,1,0,0.009,7.108,7.117,9,45,46,22
10,577,1,0,0.008,7.16,7.168,8,40,41,20
10,578,1,0,0.007,7.293,7.3,9,45,46,22
10,579,1,0,0.007,6.81,6.816,7,35,36,18
10,580,1,0,0.007,7.648,7.655,9,45,46,22
10,581,1,0,0.006,7.411,7.417,8,40,41,20
10,582,1,0,0.006,7.538,7.544,9,45,46,22
10,583,1,0,0.005,7.054,7.059,6,30,31,15
10,584,1,0,0.007,7.597,7.604,9,45,46,22
10,585,1,0,0.006,7.427,7.433,8,40,41,20
10,586,1,0,0.005,7.476,7.481,9,45,46,22
10,587,1,0,0.004,7.371,7.375,7,35,36,18
10,588,1,0,0.006,7.738,7.744,9,45,46,22
10,589,1,0,0.004,7.478,7.483,8,40,41,20
10,590,1,0,0.006,7.673,7.679,9,45,46,22
10,591,1,0,0.004,7.095,7.099,5,25,26,13
10,592,1,0,0.007,7.806,7.813,9,45,46,22
10,593,1,0,0.006,7.664,7.67,8,40,41,20
10,594,1,0,0.005,7.81,7.814,9,45,46,22
10,595,1,0,0.004,7.497,7.501,7,35,36,18
10,596,1,0,0.005,7.897,7.902,9,45,46,22
10,597,1,0,0.004,7.648,7.651,8,40,41,20
10,598,1,0,0.004,7.758,7.761,9,45,46,22
10,599,1,0,0.003,7.21,7.213,6,30,31,15
10,600,1,0,0.006,7.738,7.744,9,45,46,22
10,601,1,0,0.004,7.585,7.589,8,40,41,20
10,602,1,0,0.004,7.676,7.68,9,45,46,22
10,603,1,0,0.003,7.104,7.107,7,35,36,18
10,604,1,0,0.01,7.908,7.918,11,55,57,27
10,605,1,0,0.005,7.251,7.256,8,40,41,20
10,606,1,0,0.007,7.739,7.746,11,55,57,27
10,607,1,0,0.002,6.654,6.656,4,20,21,10
10,608,1,0,0.008,7.501,7.509,9,45,46,22
10,609,1,0,0.007,7.353,7.36,8,40,41,20
10,610,1,0,0.006,7.753,7.758,9,45,46,22
10,611,1,0,0.005,7.398,7.404,7,35,36,18
10,612,1,0,0.006,7.796,7.802,9,45,46,22
10,613,1,0,0.004,7.528,7.532,8,40,41,20
10,614,1,0,0.004,7.667,7.671,9,45,46,22
10,615,1,0,0.004,7.413,7.417,6,30,31,15
10,616,1,0,0.006,7.982,7.987,9,45,46,22
10,617,1,0,0.004,7.795,7.799,8,40,41,20
10,618,1,0,0.004,7.822,7.826,9,45,46,22
10,619,1,0,0.003,7.505,7.508,7,35,36,18
10,620,1,0,0.004,7.654,7.659,9,45,46,22
10,621,1,0,0.003,7.18,7.183,8,40,41,20
10,622,1,0,0.005,7.571,7.576,9,45,46,22
10,623,1,0,0.002,6.763,6.765,5,25,26,13
10,624,1,0,0.008,7.546,7.555,9,45,46,22
10,625,1,0,0.007,7.389,7.396,8,40,41,20
10,626,1,0,0.006,7.535,7.541,9,45,46,22
10,627,1,0,0.006,7.23,7.236,7,35,36,18
10,628,1,0,0.006,7.62,7.626,9,45,46,22
10,629,1,0,0.005,7.377,7.382,8,40,41,20
10,630,1,0,0.005,7.059,7.064,9,45,46,22
10,631,1,0,0.004,6.311,6.316,6,30,31,15
10,632,1,0,0.007,6.847,6.854,9,45,46,22
10,633,1,0,0.006,6.663,6.669,8,40,41,20
10,634,1,0,0.005,6.759,6.764,9,45,46,22
10,635,1,0,0.004,6.441,6.446,7,35,36,18
10,636,1,0,0.008,6.854,6.861,9,45,46,22
10,637,1,0,0.006,6.788,6.794,8,40,41,20
10,638,1,0,0.006,6.888,6.895,9,45,46,22
10,639,1,0,0.002,5.694,5.696,2,10,11,5
10,640,1,0,0.009,6.821,6.83,9,45,46,22
10,641,1,0,0.008,6.665,6.673,8,40,41,20
10,642,1,0,0.007,6.819,6.826,9,45,46,22
10,643,1,0,0.007,6.532,6.539,7,35,36,18
10,644,1,0,0.007,6.954,6.961,9,45,46,22
10,645,1,0,0.006,6.691,6.697,8,40,41,20
10,646,1,0,0.006,6.831,6.837,9,45,46,22
10,647,1,0,0.005,6.137,6.142,6,30,31,15
10,648,1,0,0.007,6.686,6.693,9,45,46,22
10,649,1,0,0.006,6.51,6.516,8,40,41,20
10,650,1,0,0.005,6.571,6.576,9,45,46,22
10,651,1,0,0.004,6.261,6.266,7,35,36,18
10,652,1,0,0.006,6.616,6.622,9,45,46,22
10,653,1,0,0.004,6.356,6.361,8,40,41,20
10,654,1,0,0.006,6.538,6.545,9,45,46,22
10,655,1,0,0.004,5.973,5.977,5,25,26,13
10,656,1,0,0.007,6.711,6.718,9,45,46,22
10,657,1,0,0.006,6.558,6.564,8,40,41,20
10,658,1,0,0.005,6.71,6.715,9,45,46,22
10,659,1,0,0.004,6.384,6.389,7,35,36,18
10,660,1,0,0.005,6.773,6.778,9,45,46,22
10,661,1,0,0.004,6.561,6.564,8,40,41,20
10,662,1,0,0.004,6.664,6.668,9,45,46,22
10,663,1,0,0.003,6.367,6.37,6,30,31,15
10,664,1,0,0.006,6.896,6.902,9,45,46,22
10,665,1,0,0.004,6.725,6.729,8,40,41,20
10,666,1,0,0.004,6.809,6.813,9,45,46,22
10,667,1,0,0.003,6.476,6.479,7,35,36,18
10,668,1,0,0.006,6.936,6.942,9,45,46,22
10,669,1,0,0.005,6.622,6.626,8,40,41,20
10,670,1,0,0.005,6.745,6.75,9,45,46,22
10,671,1,0,0.002,6.036,6.038,4,20,21,10
10,672,1,0,0.007,6.881,6.888,9,45,46,22
10,673,1,0,0.006,6.751,6.757,8,40,41,20
10,674,1,0,0.005,6.922,6.927,9,45,46,22
10,675,1,0,0.004,6.581,6.586,7,35,36,18
10,676,1,0,0.005,7.022,7.026,9,45,46,22
10,677,1,0,0.004,6.724,6.728,8,40,41,20
10,678,1,0,0.004,6.863,6.867,9,45,46,22
10,679,1,0,0.003,6.404,6.407,6,30,31,15
10,680,1,0,0.005,6.955,6.96,9,45,46,22
10,681,1,0,0.004,6.756,6.76,8,40,41,20
10,682,1,0,0.003,6.802,6.805,9,45,46,22
10,683,1,0,0.002,6.485,6.487,7,35,36,18
10,684,1,0,0.004,6.855,6.859,9,45,46,22
10,685,1,0,0.002,6.597,6.599,8,40,41,20
10,686,1,0,0.004,6.785,6.789,9,45,46,22
10,687,1,0,0.002,6.191,6.193,5,25,26,13
10,688,1,0,0.006,6.921,6.926,9,45,46,22
10,689,1,0,0.004,6.98,6.984,8,40,41,20
10,690,1,0,0.004,7.129,7.133,9,45,46,22
10,691,1,0,0.003,6.816,6.819,7,35,36,18
10,692,1,0,0.004,7.192,7.196,9,45,46,22
10,693,1,0,0.002,7.169,7.171,8,40,41,20
10,694,1,0,0.002,7.274,7.276,9,45,46,22
10,695,1,0,0.002,6.544,6.546,6,30,31,15
10,696,1,0,0.006,7.151,7.157,9,45,46,22
10,697,1,0,0.005,6.968,6.973,8,40,41,20
10,698,1,0,0.004,7.037,7.041,9,45,46,22
10,699,1,0,0.004,6.478,6.482,7,35,36,18
10,700,1,0,0.005,6.768,6.773,9,45,46,22
10,701,1,0,0.004,6.283,6.286,8,40,41,20
10,702,1,0,0.005,6.479,6.484,9,45,46,22
10,703,1,0,0.001,5.619,5.621,3,15,16,8
10,704,1,0,0.008,6.684,6.691,9,45,46,22
10,705,1,0,0.007,6.512,6.519,8,40,41,20
10,706,1,0,0.006,6.639,6.644,9,45,46,22
10,707,1,0,0.005,6.359,6.364,7,35,36,18
10,708,1,0,0.006,6.746,6.752,9,45,46,22
10,709,1,0,0.004,6.508,6.512,8,40,41,20
10,710,1,0,0.004,6.641,6.645,9,45,46,22
10,711,1,0,0.004,6.158,6.161,6,30,31,15
10,712,1,0,0.006,6.7,6.705,9,45,46,22
10,713,1,0,0.004,6.53,6.535,8,40,41,20
10,714,1,0,0.004,6.585,6.589,9,45,46,22
10,715,1,0,0.003,6.257,6.26,7,35,36,18
10,716,1,0,0.004,6.624,6.629,9,45,46,22
10,717,1,0,0.003,6.365,6.368,8,40,41,20
10,718,1,0,0.005,6.553,6.558,9,45,46,22
10,719,1,0,0.002,5.976,5.978,5,25,26,13
10,720,1,0,0.006,6.685,6.691,9,45,46,22
10,721,1,0,0.004,6.746,6.75,8,40,41,20
10,722,1,0,0.004,6.891,6.895,9,45,46,22
10,723,1,0,0.003,6.579,6.582,7,35,36,18
10,724,1,0,0.004,6.973,6.977,9,45,46,22
10,725,1,0,0.002,6.724,6.726,8,40,41,20
10,726,1,0,0.002,6.834,6.836,9,45,46,22
10,727,1,0,0.002,6.085,6.087,6,30,31,15
10,728,1,0,0.004,6.613,6.618,9,45,46,22
10,729,1,0,0.003,6.458,6.461,8,40,41,20
10,730,1,0,0.002,6.55,6.552,9,45,46,22
10,731,1,0,0.002,5.998,6.0,7,35,36,18
10,732,1,0,0.005,6.462,6.467,9,45,46,22
10,733,1,0,0.004,6.145,6.149,8,40,41,20
10,734,1,0,0.004,6.263,6.267,9,45,46,22
10,735,1,0,0.001,5.554,5.555,4,20,21,10
10,736,1,0,0.008,6.459,6.468,9,45,46,22
10,737,1,0,0.007,6.312,6.319,8,40,41,20
10,738,1,0,0.006,6.498,6.504,9,45,46,22
10,739,1,0,0.006,6.136,6.141,7,35,36,18
10,740,1,0,0.006,6.58,6.586,9,45,46,22
10,741,1,0,0.005,6.298,6.303,8,40,41,20
10,742,1,0,0.005,6.437,6.442,9,45,46,22
10,743,1,0,0.004,5.966,5.971,6,30,31,15
10,744,1,0,0.006,6.538,6.544,9,45,46,22
10,745,1,0,0.005,6.343,6.348,8,40,41,20
10,746,1,0,0.004,6.375,6.379,9,45,46,22
10,747,1,0,0.004,6.058,6.061,7,35,36,18
10,748,1,0,0.005,6.418,6.422,9,45,46,22
10,749,1,0,0.004,5.955,5.958,8,40,41,20
10,750,1,0,0.005,6.143,6.148,9,45,46,22
10,751,1,0,0.003,5.319,5.322,5,25,26,13
10,752,1,0,0.007,6.037,6.044,9,45,46,22
10,753,1,0,0.006,5.871,5.877,8,40,41,20
10,754,1,0,0.005,6.014,6.018,9,45,46,22
10,755,1,0,0.004,5.709,5.714,7,35,36,18
10,756,1,0,0.005,6.083,6.088,9,45,46,22
10,757,1,0,0.004,5.834,5.837,8,40,41,20
10,758,1,0,0.004,5.955,5.959,9,45,46,22
10,759,1,0,0.003,5.454,5.457,6,30,31,15
10,760,1,0,0.008,6.021,6.028,9,45,46,22
10,761,1,0,0.006,5.846,5.852,8,40,41,20
10,762,1,0,0.005,5.913,5.918,9,45,46,22
10,763,1,0,0.005,5.581,5.586,7,35,36,18
10,764,1,0,0.006,5.917,5.923,9,45,46,22
10,765,1,0,0.005,5.468,5.473,8,40,41,20
10,766,1,0,0.007,5.611,5.618,9,45,46,22
10,767,1,0,0.001,4.46,4.461,1,5,6,3
10,768,1,0,0.01,5.822,5.833,9,45,46,22
10,769,1,0,0.009,5.641,5.65,8,40,41,20
10,770,1,0,0.008,5.75,5.758,9,45,46,22
10,771,1,0,0.007,5.508,5.515,7,35,36,18
10,772,1,0,0.008,5.885,5.893,9,45,46,22
10,773,1,0,0.007,5.635,5.642,8,40,41,20
10,774,1,0,0.007,5.769,5.776,9,45,46,22
10,775,1,0,0.006,5.297,5.303,6,30,31,15
10,776,1,0,0.008,5.877,5.885,9,45,46,22
10,777,1,0,0.007,5.721,5.728,8,40,41,20
10,778,1,0,0.006,5.762,5.767,9,45,46,22
10,779,1,0,0.005,5.446,5.452,7,35,36,18
10,780,1,0,0.007,5.808,5.815,9,45,46,22
10,781,1,0,0.005,5.554,5.559,8,40,41,20
10,782,1,0,0.007,5.743,5.75,9,45,46,22
10,783,1,0,0.005,5.15,5.154,5,25,26,13
10,784,1,0,0.008,5.902,5.91,9,45,46,22
10,785,1,0,0.007,5.743,5.749,8,40,41,20
10,786,1,0,0.006,5.691,5.697,9,45,46,22
10,787,1,0,0.005,5.366,5.371,7,35,36,18
10,788,1,0,0.006,5.768,5.773,9,45,46,22
10,789,1,0,0.004,5.524,5.528,8,40,41,20
10,790,1,0,0.004,5.621,5.625,9,45,46,22
10,791,1,0,0.004,5.102,5.106,6,30,31,15
10,792,1,0,0.007,5.625,5.632,9,45,46,22
10,793,1,0,0.005,5.46,5.465,8,40,41,20
10,794,1,0,0.004,5.341,5.346,9,45,46,22
10,795,1,0,0.004,5.008,5.012,7,35,36,18
10,796,1,0,0.007,5.462,5.469,9,45,46,22
10,797,1,0,0.006,5.167,5.173,8,40,41,20
10,798,1,0,0.006,5.284,5.29,9,45,46,22
10,799,1,0,0.003,4.554,4.557,4,20,21,10
10,800,1,0,0.008,5.385,5.392,9,45,46,22
10,801,1,0,0.007,5.243,5.25,8,40,41,20
10,802,1,0,0.006,5.44,5.446,9,45,46,22
10,803,1,0,0.005,5.092,5.098,7,35,36,18
10,804,1,0,0.006,5.306,5.312,9,45,46,22
10,805,1,0,0.004,5.026,5.03,8,40,41,20
10,806,1,0,0.004,5.165,5.169,9,45,46,22
10,807,1,0,0.004,4.713,4.717,6,30,31,15
10,808,1,0,0.006,5.27,5.276,9,45,46,22
10,809,1,0,0.004,5.096,5.1,8,40,41,20
10,810,1,0,0.004,4.932,4.935,9,45,46,22
10,811,1,0,0.003,4.615,4.618,7,35,36,18
10,812,1,0,0.004,4.974,4.978,9,45,46,22
10,813,1,0,0.003,4.709,4.712,8,40,41,20
10,814,1,0,0.01,5.309,5.319,11,55,57,27
10,815,1,0,0.002,4.303,4.306,5,25,26,13
10,816,1,0,0.007,5.04,5.046,9,45,46,22
10,817,1,0,0.005,4.873,4.878,8,40,41,20
10,818,1,0,0.004,5.029,5.034,9,45,46,22
10,819,1,0,0.004,4.716,4.72,7,35,36,18
10,820,1,0,0.004,5.111,5.115,9,45,46,22
10,821,1,0,0.003,4.867,4.87,8,40,41,20
10,822,1,0,0.003,4.958,4.961,9,45,46,22
10,823,1,0,0.002,4.454,4.457,6,30,31,15
10,824,1,0,0.007,5.035,5.042,9,45,46,22
10,825,1,0,0.006,4.859,4.864,8,40,41,20
10,826,1,0,0.005,4.928,4.933,9,45,46,22
10,827,1,0,0.004,4.59,4.594,7,35,36,18
10,828,1,0,0.006,4.903,4.908,9,45,46,22
10,829,1,0,0.004,4.655,4.66,8,40,41,20
10,830,1,0,0.006,4.851,4.858,9,45,46,22
10,831,1,0,0.002,3.986,3.988,3,15,16,8
10,832,1,0,0.008,5.003,5.011,9,45,46,22
10,833,1,0,0.007,4.844,4.851,8,40,41,20
10,834,1,0,0.006,5.186,5.191,9,45,46,22
10,835,1,0,0.005,4.912,4.918,7,35,36,18
10,836,1,0,0.006,5.537,5.542,9,45,46,22
10,837,1,0,0.004,5.293,5.298,8,40,41,20
10,838,1,0,0.004,5.212,5.216,9,45,46,22
10,839,1,0,0.004,4.728,4.732,6,30,31,15
10,840,1,0,0.006,5.271,5.276,9,45,46,22
10,841,1,0,0.004,5.101,5.106,8,40,41,20
10,842,1,0,0.004,4.942,4.945,9,45,46,22
10,843,1,0,0.003,4.625,4.628,7,35,36,18
10,844,1,0,0.004,4.992,4.997,9,45,46,22
10,845,1,0,0.004,4.992,4.997,9,45,46,22
10,846,1,0,0.005,4.932,4.937,9,45,46,22
10,847,1,0,0.002,4.349,4.351,5,25,26,13
10,848,1,0,0.006,5.059,5.065,9,45,46,22
10,849,1,0,0.004,4.911,4.915,8,40,41,20
10,850,1,0,0.004,5.056,5.06,9,45,46,22
10,851,1,0,0.003,4.744,4.747,7,35,36,18
10,852,1,0,0.004,5.353,5.356,9,45,46,22
10,853,1,0,0.002,5.103,5.106,8,40,41,20
10,854,1,0,0.002,5.01,5.012,9,45,46,22
10,855,1,0,0.002,4.475,4.477,6,30,31,15
10,856,1,0,0.004,5.003,5.008,9,45,46,22
10,857,1,0,0.003,4.844,4.847,8,40,41,20
10,858,1,0,0.002,4.935,4.937,9,45,46,22
10,859,1,0,0.002,4.58,4.581,7,35,36,18
10,860,1,0,0.005,5.044,5.049,9,45,46,22
10,861,1,0,0.004,4.727,4.73,8,40,41,20
10,862,1,0,0.004,4.63,4.634,9,45,46,22
10,863,1,0,0.001,3.921,3.922,4,20,21,10
10,864,1,0,0.007,4.769,4.776,9,45,46,22
10,865,1,0,0.005,4.621,4.626,8,40,41,20
10,866,1,0,0.004,4.802,4.806,9,45,46,22
10,867,1,0,0.004,4.455,4.459,7,35,36,18
10,868,1,0,0.004,4.861,4.865,9,45,46,22
10,869,1,0,0.003,4.592,4.595,8,40,41,20
10,870,1,0,0.003,4.731,4.734,9,45,46,22
10,871,1,0,0.002,4.058,4.06,6,30,31,15
10,872,1,0,0.004,4.612,4.617,9,45,46,22
10,873,1,0,0.003,4.426,4.429,8,40,41,20
10,874,1,0,0.002,4.467,4.469,9,45,46,22
10,875,1,0,0.002,4.15,4.152,7,35,36,18
10,876,1,0,0.003,4.502,4.505,9,45,46,22
10,877,1,0,0.002,4.239,4.241,8,40,41,20
10,878,1,0,0.004,4.427,4.43,9,45,46,22
10,879,1,0,0.001,3.835,3.836,5,25,26,13
10,880,1,0,0.007,4.618,4.625,9,45,46,22
10,881,1,0,0.006,4.461,4.466,8,40,41,20
10,882,1,0,0.005,4.607,4.612,9,45,46,22
10,883,1,0,0.004,4.302,4.306,7,35,36,18
10,884,1,0,0.005,4.692,4.697,9,45,46,22
10,885,1,0,0.004,4.449,4.453,8,40,41,20
10,886,1,0,0.004,4.545,4.549,9,45,46,22
10,887,1,0,0.003,3.806,3.809,6,30,31,15
10,888,1,0,0.006,4.328,4.334,9,45,46,22
10,889,1,0,0.004,4.15,4.154,8,40,41,20
10,890,1,0,0.004,4.246,4.249,9,45,46,22
10,891,1,0,0.003,3.928,3.931,7,35,36,18
10,892,1,0,0.006,4.315,4.321,9,45,46,22
10,893,1,0,0.005,4.077,4.081,8,40,41,20
10,894,1,0,0.005,4.177,4.182,9,45,46,22
10,895,1,0,0.001,3.182,3.182,2,10,11,5
10,896,1,0,0.011,4.413,4.423,9,45,46,22
10,897,1,0,0.009,4.252,4.261,8,40,41,20
10,898,1,0,0.008,4.406,4.415,9,45,46,22
10,899,1,0,0.008,4.119,4.127,7,35,36,18
10,900,1,0,0.008,4.541,4.549,9,45,46,22
10,901,1,0,0.007,4.278,4.285,8,40,41,20
10,902,1,0,0.007,4.418,4.425,9,45,46,22
10,903,1,0,0.007,3.932,3.938,6,30,31,15
10,904,1,0,0.008,4.481,4.489,9,45,46,22
10,905,1,0,0.007,4.305,4.312,8,40,41,20
10,906,1,0,0.006,4.366,4.373,9,45,46,22
10,907,1,0,0.006,4.261,4.267,7,35,36,18
10,908,1,0,0.007,4.616,4.623,9,45,46,22
10,909,1,0,0.006,4.356,4.362,8,40,41,20
10,910,1,0,0.008,4.538,4.546,9,45,46,22
10,911,1,0,0.005,3.973,3.979,5,25,26,13
10,912,1,0,0.008,4.711,4.72,9,45,46,22
10,913,1,0,0.007,4.558,4.565,8,40,41,20
10,914,1,0,0.006,4.71,4.716,9,45,46,22
10,915,1,0,0.006,4.384,4.39,7,35,36,18
10,916,1,0,0.006,4.773,4.78,9,45,46,22
10,917,1,0,0.005,4.556,4.561,8,40,41,20
10,918,1,0,0.005,4.659,4.664,9,45,46,22
10,919,1,0,0.004,4.154,4.158,6,30,31,15
10,920,1,0,0.007,4.684,4.691,9,45,46,22
10,921,1,0,0.006,4.512,4.518,8,40,41,20
10,922,1,0,0.005,4.596,4.601,9,45,46,22
10,923,1,0,0.004,4.263,4.267,7,35,36,18
10,924,1,0,0.008,4.513,4.521,9,45,46,22
10,925,1,0,0.006,4.206,4.212,8,40,41,20
10,926,1,0,0.006,4.329,4.335,9,45,46,22
10,927,1,0,0.004,3.62,3.624,4,20,21,10
10,928,1,0,0.008,4.467,4.476,9,45,46,22
10,929,1,0,0.007,4.338,4.345,8,40,41,20
10,930,1,0,0.006,4.509,4.516,9,45,46,22
10,931,1,0,0.006,4.168,4.174,7,35,36,18
10,932,1,0,0.006,4.61,4.616,9,45,46,22
10,933,1,0,0.005,4.311,4.316,8,40,41,20
10,934,1,0,0.005,4.45,4.455,9,45,46,22
10,935,1,0,0.004,3.991,3.996,6,30,31,15
10,936,1,0,0.006,4.542,4.548,9,45,46,22
10,937,1,0,0.005,4.348,4.353,8,40,41,20
10,938,1,0,0.004,4.394,4.398,9,45,46,22
10,939,1,0,0.004,4.077,4.08,7,35,36,18
10,940,1,0,0.005,4.448,4.453,9,45,46,22
10,941,1,0,0.004,4.19,4.193,8,40,41,20
10,942,1,0,0.005,4.377,4.383,9,45,46,22
10,943,1,0,0.003,3.784,3.787,5,25,26,13
10,944,1,0,0.007,4.513,4.52,9,45,46,22
10,945,1,0,0.006,4.359,4.364,8,40,41,20
10,946,1,0,0.005,4.508,4.513,9,45,46,22
10,947,1,0,0.004,4.195,4.199,7,35,36,18
10,948,1,0,0.005,4.57,4.575,9,45,46,22
10,949,1,0,0.004,4.338,4.342,8,40,41,20
10,950,1,0,0.004,4.444,4.447,9,45,46,22
10,951,1,0,0.003,3.717,3.72,6,30,31,15
10,952,1,0,0.008,4.107,4.115,9,45,46,22
10,953,1,0,0.006,3.944,3.95,8,40,41,20
10,954,1,0,0.005,4.007,4.012,9,45,46,22
10,955,1,0,0.005,3.656,3.661,7,35,36,18
10,956,1,0,0.006,4.015,4.022,9,45,46,22
10,957,1,0,0.005,3.461,3.466,8,40,41,20
10,958,1,0,0.007,3.658,3.665,9,45,46,22
10,959,1,0,0.002,2.798,2.801,3,15,16,8
10,960,1,0,0.009,3.857,3.866,9,45,46,22
10,961,1,0,0.008,3.891,3.899,8,40,41,20
10,962,1,0,0.007,4.023,4.031,9,45,46,22
10,963,1,0,0.007,3.755,3.762,7,35,36,18
10,964,1,0,0.007,4.149,4.156,9,45,46,22
10,965,1,0,0.006,3.899,3.905,8,40,41,20
10,966,1,0,0.006,4.026,4.031,9,45,46,22
10,967,1,0,0.005,3.543,3.548,6,30,31,15
10,968,1,0,0.007,4.085,4.092,9,45,46,22
10,969,1,0,0.006,3.915,3.921,8,40,41,20
10,970,1,0,0.005,3.964,3.969,9,45,46,22
10,971,1,0,0.004,3.437,3.441,7,35,36,18
10,972,1,0,0.006,3.804,3.81,9,45,46,22
10,973,1,0,0.004,3.545,3.549,8,40,41,20
10,974,1,0,0.006,3.733,3.739,9,45,46,22
10,975,1,0,0.004,2.734,2.738,5,25,26,13
10,976,1,0,0.007,3.444,3.451,9,45,46,22
10,977,1,0,0.006,3.29,3.296,8,40,41,20
10,978,1,0,0.005,3.429,3.434,9,45,46,22
10,979,1,0,0.004,3.116,3.121,7,35,36,18
10,980,1,0,0.005,3.517,3.522,9,45,46,22
10,981,1,0,0.004,2.852,2.856,8,40,41,20
10,982,1,0,0.004,2.956,2.959,9,45,46,22
10,983,1,0,0.003,2.433,2.436,6,30,31,15
10,984,1,0,0.006,2.961,2.967,9,45,46,22
10,985,1,0,0.004,2.795,2.799,8,40,41,20
10,986,1,0,0.004,2.88,2.884,9,45,46,22
10,987,1,0,0.003,2.543,2.546,7,35,36,18
10,988,1,0,0.006,3.001,3.007,9,45,46,22
10,989,1,0,0.005,2.689,2.694,8,40,41,20
10,990,1,0,0.005,2.8,2.805,9,45,46,22
10,991,1,0,0.002,2.078,2.081,4,20,21,10
10,992,1,0,0.01,2.983,2.993,9,45,46,22
10,993,1,0,0.008,2.842,2.851,8,40,41,20
10,994,1,0,0.008,2.81,2.818,9,45,46,22
10,995,1,0,0.007,2.468,2.475,7,35,36,18
10,996,1,0,0.008,2.892,2.9,9,45,46,22
10,997,1,0,0.006,2.61,2.616,8,40,41,20
10,998,1,0,0.006,2.749,2.756,9,45,46,22
10,999,1,0,0.006,2.286,2.291,6,30,31,15
10,1000,1,0,0.008,2.838,2.846,9,45,46,22
10,1001,1,0,0.006,2.446,2.452,8,40,41,20
10,1002,1,0,0.005,2.489,2.495,9,45,46,22
10,1003,1,0,0.005,2.173,2.178,7,35,36,18
10,1004,1,0,0.006,2.532,2.539,9,45,46,22
10,1005,1,0,0.005,2.273,2.278,8,40,41,20
10,1006,1,0,0.007,2.461,2.468,9,45,46,22
10,1007,1,0,0.004,1.865,1.87,5,25,26,13
10,1008,1,0,0.008,2.617,2.625,9,45,46,22
10,1009,1,0,0.007,2.451,2.458,8,40,41,20
10,1010,1,0,0.006,2.583,2.589,9,45,46,22
10,1011,1,0,0.006,2.264,2.269,7,35,36,18
10,1012,1,0,0.006,2.652,2.658,9,45,46,22
10,1013,1,0,0.005,2.39,2.395,8,40,41,20
10,1014,1,0,0.005,2.499,2.504,9,45,46,22
10,1015,1,0,0.004,2.003,2.008,6,30,31,15
10,1016,1,0,0.009,2.607,2.616,9,45,46,22
10,1017,1,0,0.008,2.423,2.431,8,40,41,20
10,1018,1,0,0.007,2.493,2.499,9,45,46,22
10,1019,1,0,0.006,2.152,2.159,7,35,36,18
10,1020,1,0,0.008,2.494,2.502,9,45,46,22
10,1021,1,0,0.006,2.041,2.047,8,40,41,20
10,1022,1,0,0.008,2.197,2.205,9,45,46,22
10,1023,1,0,0.0,0.0,0.0,0,0,0,0
